row_names,theta,se,Title,id,Samling,Nr,Titel,Dato,speaker_id,Date,Year,Parti,Period,n_words,month_year_id,Month,coalition
Anders Kronborg,-0.18303213717386965,0.24312080251008192,Anders Kronborg,20191_M3_referat,20191,3,"Referat af møde 3 den 3. oktober, 2019 kl. 10.00",03-10-2019,1025,2019-10-03T20:29:00Z,2019,Socialdemokratiet,2019-,139,2019-10,2019-10-01T00:00:00Z,Yes
Anne Honoré Østergaard,-0.033496446236182,0.29107762670216414,Anne Honoré Østergaard,20191_M3_referat,20191,3,"Referat af møde 3 den 3. oktober, 2019 kl. 10.00",03-10-2019,923,2019-10-03T19:36:00Z,2019,Venstre,2019-,93,2019-10,2019-10-01T00:00:00Z,No
Anne Paulin,0.42194833846968827,0.4023794207102671,Anne Paulin,20191_M13_referat,20191,13,"Referat af møde 13 den 31. oktober, 2019 kl. 10.00",31-10-2019,5158,2019-10-31T10:04:00Z,2019,Socialdemokratiet,2019-,277,2019-10,2019-10-01T00:00:00Z,Yes
Annette Lind,-1.1677477985605682,0.3592415986579319,Annette Lind,20191_M11_referat,20191,11,"Referat af møde 11 den 24. oktober, 2019 kl. 10.50",24-10-2019,4886,2019-10-24T13:53:00Z,2019,Socialdemokratiet,2019-,946,2019-10,2019-10-01T00:00:00Z,Yes
Anni Matthiesen,-0.3949188468476809,0.19681714054161947,Anni Matthiesen,20191_M12_referat,20191,12,"Referat af møde 12 den 25. oktober, 2019 kl. 10.00",25-10-2019,5072,2019-10-25T10:08:00Z,2019,Venstre,2019-,409,2019-10,2019-10-01T00:00:00Z,No
Benny Engelbrecht,-0.38090817888559414,0.4994636974427124,Benny Engelbrecht,20191_M6_referat,20191,6,"Referat af møde 6 den 10. oktober, 2019 kl. 10.00",10-10-2019,2438,2019-10-10T10:34:00Z,2019,Socialdemokratiet,2019-,665,2019-10,2019-10-01T00:00:00Z,Yes
Bertel Haarder,0,0.816496580927726,Bertel Haarder,20191_M3_referat,20191,3,"Referat af møde 3 den 3. oktober, 2019 kl. 10.00",03-10-2019,1333,2019-10-03T23:17:00Z,2019,Venstre,2019-,56,2019-10,2019-10-01T00:00:00Z,No
Birgitte Vind,-1.0967842914807806,0.6243767110486239,Birgitte Vind,20191_M12_referat,20191,12,"Referat af møde 12 den 25. oktober, 2019 kl. 10.00",25-10-2019,5062,2019-10-25T10:01:00Z,2019,Socialdemokratiet,2019-,703,2019-10,2019-10-01T00:00:00Z,Yes
Birthe Rønn Hornbech,0,0.816496580927726,Birthe Rønn Hornbech,20191_M9_referat,20191,9,"Referat af møde 9 den 23. oktober, 2019 kl. 10.00",23-10-2019,3914,2019-10-23T10:44:00Z,2019,Venstre,2019-,133,2019-10,2019-10-01T00:00:00Z,No
Bjarne Laustsen,0.6920507540207755,0.665571715230489,Bjarne Laustsen,20191_M4_referat,20191,4,"Referat af møde 4 den 8. oktober, 2019 kl. 13.00",08-10-2019,1623,2019-10-08T16:47:00Z,2019,Socialdemokratiet,2019-,146,2019-10,2019-10-01T00:00:00Z,Yes
Bjørn Brandenborg,0.13933998895863178,0.21024629900343125,Bjørn Brandenborg,20191_M11_referat,20191,11,"Referat af møde 11 den 24. oktober, 2019 kl. 10.50",24-10-2019,4791,2019-10-24T12:32:00Z,2019,Socialdemokratiet,2019-,568,2019-10,2019-10-01T00:00:00Z,Yes
Britt Bager,0,0.5773502691896257,Britt Bager,20191_M3_referat,20191,3,"Referat af møde 3 den 3. oktober, 2019 kl. 10.00",03-10-2019,421,2019-10-03T13:47:00Z,2019,Venstre,2019-,145,2019-10,2019-10-01T00:00:00Z,No
Carsten Kissmeyer,0.12075921167825407,0.3189670354347796,Carsten Kissmeyer,20191_M13_referat,20191,13,"Referat af møde 13 den 31. oktober, 2019 kl. 10.00",31-10-2019,5160,2019-10-31T10:06:00Z,2019,Venstre,2019-,220,2019-10,2019-10-01T00:00:00Z,No
Christian Rabjerg Madsen,-2.5101778020649568,0.39558560009743543,Christian Rabjerg Madsen,20191_M10_referat,20191,10,"Referat af møde 10 den 24. oktober, 2019 kl. 10.00",24-10-2019,4659,2019-10-24T10:12:00Z,2019,Socialdemokratiet,2019-,584,2019-10,2019-10-01T00:00:00Z,Yes
Christoffer Aagaard Melson,-0.8672547354685328,0.6918050962967804,Christoffer Aagaard Melson,20191_M3_referat,20191,3,"Referat af møde 3 den 3. oktober, 2019 kl. 10.00",03-10-2019,1030,2019-10-03T20:32:00Z,2019,Venstre,2019-,230,2019-10,2019-10-01T00:00:00Z,No
Ellen Trane Nørby,0,0.7071067811865476,Ellen Trane Nørby,20191_M3_referat,20191,3,"Referat af møde 3 den 3. oktober, 2019 kl. 10.00",03-10-2019,552,2019-10-03T15:08:00Z,2019,Venstre,2019-,131,2019-10,2019-10-01T00:00:00Z,No
Erling Bonnesen,0.150843388028975,0.14625107621596797,Erling Bonnesen,20191_M13_referat,20191,13,"Referat af møde 13 den 31. oktober, 2019 kl. 10.00",31-10-2019,5443,2019-10-31T14:31:00Z,2019,Venstre,2019-,82,2019-10,2019-10-01T00:00:00Z,No
Fatma Øktem,0,0.4264014327112209,Fatma Øktem,20191_M3_referat,20191,3,"Referat af møde 3 den 3. oktober, 2019 kl. 10.00",03-10-2019,543,2019-10-03T14:56:00Z,2019,Venstre,2019-,119,2019-10,2019-10-01T00:00:00Z,No
Hans Andersen,0.805352688103957,0.3631892975377757,Hans Andersen,20191_M4_referat,20191,4,"Referat af møde 4 den 8. oktober, 2019 kl. 13.00",08-10-2019,1575,2019-10-08T16:03:00Z,2019,Venstre,2019-,163,2019-10,2019-10-01T00:00:00Z,No
Hans Christian Schmidt,0.954292758197749,0.7349590954017394,Hans Christian Schmidt,20191_M6_referat,20191,6,"Referat af møde 6 den 10. oktober, 2019 kl. 10.00",10-10-2019,2552,2019-10-10T11:58:00Z,2019,Venstre,2019-,200,2019-10,2019-10-01T00:00:00Z,No
Heidi Bank,-0.26244629161975663,0.19452806194411368,Heidi Bank,20191_M3_referat,20191,3,"Referat af møde 3 den 3. oktober, 2019 kl. 10.00",03-10-2019,965,2019-10-03T19:54:00Z,2019,Venstre,2019-,87,2019-10,2019-10-01T00:00:00Z,No
Henrik Dam Kristensen,-0.47906900257779883,0.1460657732250098,Henrik Dam Kristensen,20191_M13_referat,20191,13,"Referat af møde 13 den 31. oktober, 2019 kl. 10.00",31-10-2019,5224,2019-10-31T11:30:00Z,2019,Socialdemokratiet,2019-,68,2019-10,2019-10-01T00:00:00Z,Yes
Henrik Møller,-0.23083633352438102,0.2889281131552857,Henrik Møller,20191_M3_referat,20191,3,"Referat af møde 3 den 3. oktober, 2019 kl. 10.00",03-10-2019,1044,2019-10-03T20:38:00Z,2019,Socialdemokratiet,2019-,170,2019-10,2019-10-01T00:00:00Z,Yes
Inger Støjberg,0,0.408248290463863,Inger Støjberg,20191_M3_referat,20191,3,"Referat af møde 3 den 3. oktober, 2019 kl. 10.00",03-10-2019,219,2019-10-03T10:46:00Z,2019,Venstre,2019-,160,2019-10,2019-10-01T00:00:00Z,No
Jacob Jensen,0.17964997137371874,0.2149997356929262,Jacob Jensen,20191_M11_referat,20191,11,"Referat af møde 11 den 24. oktober, 2019 kl. 10.50",24-10-2019,4744,2019-10-24T11:53:00Z,2019,Venstre,2019-,847,2019-10,2019-10-01T00:00:00Z,No
Jakob Ellemann-Jensen,0,0.2581988897471611,Jakob Ellemann-Jensen,20191_M3_referat,20191,3,"Referat af møde 3 den 3. oktober, 2019 kl. 10.00",03-10-2019,84,2019-10-03T00:16:00Z,2019,Venstre,2019-,448,2019-10,2019-10-01T00:00:00Z,No
Jan Johansen,0,0.816496580927726,Jan Johansen,20191_M9_referat,20191,9,"Referat af møde 9 den 23. oktober, 2019 kl. 10.00",23-10-2019,4637,2019-10-23T17:02:00Z,2019,Socialdemokratiet,2019-,344,2019-10,2019-10-01T00:00:00Z,Yes
Jane Heitmann,1.2302414203611578,0.7797281804308588,Jane Heitmann,20191_M3_referat,20191,3,"Referat af møde 3 den 3. oktober, 2019 kl. 10.00",03-10-2019,708,2019-10-03T16:31:00Z,2019,Venstre,2019-,76,2019-10,2019-10-01T00:00:00Z,No
Jens Joel,0,0.7071067811865476,Jens Joel,20191_M3_referat,20191,3,"Referat af møde 3 den 3. oktober, 2019 kl. 10.00",03-10-2019,415,2019-10-03T13:44:00Z,2019,Socialdemokratiet,2019-,60,2019-10,2019-10-01T00:00:00Z,Yes
Jeppe Bruus,0.3474871633985552,0.34843977024077477,Jeppe Bruus,20191_M3_referat,20191,3,"Referat af møde 3 den 3. oktober, 2019 kl. 10.00",03-10-2019,327,2019-10-03T11:46:00Z,2019,Socialdemokratiet,2019-,77,2019-10,2019-10-01T00:00:00Z,Yes
Jeppe Kofod,-1.3327553419280298,0.18391928005793645,Jeppe Kofod,20191_M11_referat,20191,11,"Referat af møde 11 den 24. oktober, 2019 kl. 10.50",24-10-2019,4838,2019-10-24T13:12:00Z,2019,Socialdemokratiet,2019-,1386,2019-10,2019-10-01T00:00:00Z,Yes
Jesper Petersen,0.3207393071262995,0.1596166832481189,Jesper Petersen,20191_M3_referat,20191,3,"Referat af møde 3 den 3. oktober, 2019 kl. 10.00",03-10-2019,154,2019-10-03T10:04:00Z,2019,Socialdemokratiet,2019-,1634,2019-10,2019-10-01T00:00:00Z,Yes
Julie Skovsby,-0.40146743185082623,0.5795276347285961,Julie Skovsby,20191_M3_referat,20191,3,"Referat af møde 3 den 3. oktober, 2019 kl. 10.00",03-10-2019,854,2019-10-03T17:46:00Z,2019,Socialdemokratiet,2019-,111,2019-10,2019-10-01T00:00:00Z,Yes
Karen Ellemann,-0.05823178935952555,0.1041169422030962,Karen Ellemann,20191_M10_referat,20191,10,"Referat af møde 10 den 24. oktober, 2019 kl. 10.00",24-10-2019,4656,2019-10-24T10:00:00Z,2019,Venstre,2019-,910,2019-10,2019-10-01T00:00:00Z,No
Karsten Lauritzen,0,0.408248290463863,Karsten Lauritzen,20191_M3_referat,20191,3,"Referat af møde 3 den 3. oktober, 2019 kl. 10.00",03-10-2019,635,2019-10-03T15:45:00Z,2019,Venstre,2019-,64,2019-10,2019-10-01T00:00:00Z,No
Kasper Roug,-0.34842406462858116,0.45872640629007583,Kasper Roug,20191_M4_referat,20191,4,"Referat af møde 4 den 8. oktober, 2019 kl. 13.00",08-10-2019,1573,2019-10-08T16:01:00Z,2019,Socialdemokratiet,2019-,125,2019-10,2019-10-01T00:00:00Z,Yes
Kasper Sand Kjær,0.4763751503320675,0.45655434955615365,Kasper Sand Kjær,20191_M3_referat,20191,3,"Referat af møde 3 den 3. oktober, 2019 kl. 10.00",03-10-2019,1112,2019-10-03T21:18:00Z,2019,Socialdemokratiet,2019-,153,2019-10,2019-10-01T00:00:00Z,Yes
Kim Valentin,0,0.4264014327112209,Kim Valentin,20191_M3_referat,20191,3,"Referat af møde 3 den 3. oktober, 2019 kl. 10.00",03-10-2019,943,2019-10-03T19:45:00Z,2019,Venstre,2019-,159,2019-10,2019-10-01T00:00:00Z,No
Kristian Pihl Lorentzen,1.2545819293535787,0.25714199145229577,Kristian Pihl Lorentzen,20191_M5_referat,20191,5,"Referat af møde 5 den 9. oktober, 2019 kl. 13.00",09-10-2019,1733,2019-10-09T13:29:00Z,2019,Venstre,2019-,51,2019-10,2019-10-01T00:00:00Z,No
Lars Aslan Rasmussen,-0.7372880560963818,0.17819201855629177,Lars Aslan Rasmussen,20191_M13_referat,20191,13,"Referat af møde 13 den 31. oktober, 2019 kl. 10.00",31-10-2019,5260,2019-10-31T11:53:00Z,2019,Socialdemokratiet,2019-,287,2019-10,2019-10-01T00:00:00Z,Yes
Leif Lahn Jensen,0.770775784665781,0.2781992314481914,Leif Lahn Jensen,20191_M4_referat,20191,4,"Referat af møde 4 den 8. oktober, 2019 kl. 13.00",08-10-2019,1596,2019-10-08T16:33:00Z,2019,Socialdemokratiet,2019-,517,2019-10,2019-10-01T00:00:00Z,Yes
Lennart Damsbo-Andersen,-0.19226004551387668,0.713322480896233,Lennart Damsbo-Andersen,20191_M8_referat,20191,8,"Referat af møde 8 den 22. oktober, 2019 kl. 10.00",22-10-2019,3554,2019-10-22T18:39:00Z,2019,Socialdemokratiet,2019-,127,2019-10,2019-10-01T00:00:00Z,Yes
Louise Schack Elholm,0.6753077452198895,0.24084514268003523,Louise Schack Elholm,20191_M11_referat,20191,11,"Referat af møde 11 den 24. oktober, 2019 kl. 10.50",24-10-2019,4804,2019-10-24T12:39:00Z,2019,Venstre,2019-,689,2019-10,2019-10-01T00:00:00Z,No
Malte Larsen,-0.15585707893328882,0.2803560858267819,Malte Larsen,20191_M3_referat,20191,3,"Referat af møde 3 den 3. oktober, 2019 kl. 10.00",03-10-2019,836,2019-10-03T17:36:00Z,2019,Socialdemokratiet,2019-,100,2019-10,2019-10-01T00:00:00Z,Yes
Marcus Knuth,-0.0877779008072464,0.42088942912954175,Marcus Knuth,20191_M3_referat,20191,3,"Referat af møde 3 den 3. oktober, 2019 kl. 10.00",03-10-2019,366,2019-10-03T13:15:00Z,2019,Venstre,2019-,178,2019-10,2019-10-01T00:00:00Z,No
Marie Bjerre,-0.18061027471936775,0.30282591104354684,Marie Bjerre,20191_M3_referat,20191,3,"Referat af møde 3 den 3. oktober, 2019 kl. 10.00",03-10-2019,735,2019-10-03T16:43:00Z,2019,Venstre,2019-,72,2019-10,2019-10-01T00:00:00Z,No
Marlene Ambo-Rasmussen,0.32955273650035316,0.6233565789539738,Marlene Ambo-Rasmussen,20191_M3_referat,20191,3,"Referat af møde 3 den 3. oktober, 2019 kl. 10.00",03-10-2019,935,2019-10-03T19:40:00Z,2019,Venstre,2019-,86,2019-10,2019-10-01T00:00:00Z,No
Martin Geertsen,0.6314966840903702,0.34261012114720196,Martin Geertsen,20191_M11_referat,20191,11,"Referat af møde 11 den 24. oktober, 2019 kl. 10.50",24-10-2019,4704,2019-10-24T10:55:00Z,2019,Venstre,2019-,425,2019-10,2019-10-01T00:00:00Z,No
Mette Frederiksen,0,0.3086066999241838,Mette Frederiksen,20191_M3_referat,20191,3,"Referat af møde 3 den 3. oktober, 2019 kl. 10.00",03-10-2019,80,2019-10-03T00:05:00Z,2019,Socialdemokratiet,2019-,1205,2019-10,2019-10-01T00:00:00Z,Yes
Mette Gjerskov,0.20649508218428408,0.2529026706546119,Mette Gjerskov,20191_M11_referat,20191,11,"Referat af møde 11 den 24. oktober, 2019 kl. 10.50",24-10-2019,4742,2019-10-24T11:49:00Z,2019,Socialdemokratiet,2019-,470,2019-10,2019-10-01T00:00:00Z,Yes
Michael Aastrup Jensen,-0.9068170807234757,0.3006629481094062,Michael Aastrup Jensen,20191_M11_referat,20191,11,"Referat af møde 11 den 24. oktober, 2019 kl. 10.50",24-10-2019,4840,2019-10-24T13:22:00Z,2019,Venstre,2019-,207,2019-10,2019-10-01T00:00:00Z,No
Morten Bødskov,0.6820270890407159,0.14302356298997518,Morten Bødskov,20191_M11_referat,20191,11,"Referat af møde 11 den 24. oktober, 2019 kl. 10.50",24-10-2019,4826,2019-10-24T13:00:00Z,2019,Socialdemokratiet,2019-,916,2019-10,2019-10-01T00:00:00Z,Yes
Morten Dahlin,0.2764406249356605,0.22007203293393252,Morten Dahlin,20191_M3_referat,20191,3,"Referat af møde 3 den 3. oktober, 2019 kl. 10.00",03-10-2019,232,2019-10-03T10:53:00Z,2019,Venstre,2019-,84,2019-10,2019-10-01T00:00:00Z,No
Nick Hækkerup,3.778391765005053,0.94273187430333,Nick Hækkerup,20191_M13_referat,20191,13,"Referat af møde 13 den 31. oktober, 2019 kl. 10.00",31-10-2019,5156,2019-10-31T10:00:00Z,2019,Socialdemokratiet,2019-,372,2019-10,2019-10-01T00:00:00Z,Yes
Nicolai Wammen,-1.6485722914124656,0.3483662887599481,Nicolai Wammen,20191_M8_referat,20191,8,"Referat af møde 8 den 22. oktober, 2019 kl. 10.00",22-10-2019,3684,2019-10-22T20:01:00Z,2019,Socialdemokratiet,2019-,929,2019-10,2019-10-01T00:00:00Z,Yes
Orla Hav,0,0.7071067811865476,Orla Hav,20191_M3_referat,20191,3,"Referat af møde 3 den 3. oktober, 2019 kl. 10.00",03-10-2019,821,2019-10-03T17:30:00Z,2019,Socialdemokratiet,2019-,149,2019-10,2019-10-01T00:00:00Z,Yes
Preben Bang Henriksen,0,0.5773502691896257,Preben Bang Henriksen,20191_M9_referat,20191,9,"Referat af møde 9 den 23. oktober, 2019 kl. 10.00",23-10-2019,4227,2019-10-23T13:04:00Z,2019,Venstre,2019-,293,2019-10,2019-10-01T00:00:00Z,No
Rasmus Horn Langhoff,0.6211345983014982,0.5639171438808582,Rasmus Horn Langhoff,20191_M11_referat,20191,11,"Referat af møde 11 den 24. oktober, 2019 kl. 10.50",24-10-2019,4701,2019-10-24T10:52:00Z,2019,Socialdemokratiet,2019-,310,2019-10,2019-10-01T00:00:00Z,Yes
Rasmus Prehn,0,0.3651483716701107,Rasmus Prehn,20191_M9_referat,20191,9,"Referat af møde 9 den 23. oktober, 2019 kl. 10.00",23-10-2019,4525,2019-10-23T15:47:00Z,2019,Socialdemokratiet,2019-,166,2019-10,2019-10-01T00:00:00Z,Yes
Rasmus Stoklund,0,0.7071067811865476,Rasmus Stoklund,20191_M3_referat,20191,3,"Referat af møde 3 den 3. oktober, 2019 kl. 10.00",03-10-2019,431,2019-10-03T13:55:00Z,2019,Socialdemokratiet,2019-,81,2019-10,2019-10-01T00:00:00Z,Yes
Simon Kollerup,0.9504503788499135,0.28090840678271384,Simon Kollerup,20191_M3_referat,20191,3,"Referat af møde 3 den 3. oktober, 2019 kl. 10.00",03-10-2019,152,2019-10-03T10:00:00Z,2019,Socialdemokratiet,2019-,51,2019-10,2019-10-01T00:00:00Z,Yes
Sophie Løhde,0.13542007145636825,0.23422168316895495,Sophie Løhde,20191_M3_referat,20191,3,"Referat af møde 3 den 3. oktober, 2019 kl. 10.00",03-10-2019,158,2019-10-03T10:15:00Z,2019,Venstre,2019-,106,2019-10,2019-10-01T00:00:00Z,No
Thomas Danielsen,-0.0329653650360448,0.36665219586920117,Thomas Danielsen,20191_M13_referat,20191,13,"Referat af møde 13 den 31. oktober, 2019 kl. 10.00",31-10-2019,5193,2019-10-31T10:40:00Z,2019,Venstre,2019-,172,2019-10,2019-10-01T00:00:00Z,No
Thomas Jensen,0.9392156807530804,0.43439234733585,Thomas Jensen,20191_M6_referat,20191,6,"Referat af møde 6 den 10. oktober, 2019 kl. 10.00",10-10-2019,2460,2019-10-10T10:56:00Z,2019,Venstre,2019-,464,2019-10,2019-10-01T00:00:00Z,No
Tommy Ahlers,0.561839231613896,0.3045715019677986,Tommy Ahlers,20191_M3_referat,20191,3,"Referat af møde 3 den 3. oktober, 2019 kl. 10.00",03-10-2019,445,2019-10-03T14:09:00Z,2019,Venstre,2019-,195,2019-10,2019-10-01T00:00:00Z,No
Torsten Schack Pedersen,0.08837577105863235,0.2488956768017739,Torsten Schack Pedersen,20191_M3_referat,20191,3,"Referat af møde 3 den 3. oktober, 2019 kl. 10.00",03-10-2019,246,2019-10-03T10:59:00Z,2019,Venstre,2019-,70,2019-10,2019-10-01T00:00:00Z,No
Trine Bramsen,0,0.7071067811865476,Trine Bramsen,20191_M5_referat,20191,5,"Referat af møde 5 den 9. oktober, 2019 kl. 13.00",09-10-2019,2229,2019-10-09T18:39:00Z,2019,Socialdemokratiet,2019-,618,2019-10,2019-10-01T00:00:00Z,Yes
Troels Lund Poulsen,-0.4744015597615986,0.1844088973942215,Troels Lund Poulsen,20191_M5_referat,20191,5,"Referat af møde 5 den 9. oktober, 2019 kl. 13.00",09-10-2019,2166,2019-10-09T17:33:00Z,2019,Venstre,2019-,140,2019-10,2019-10-01T00:00:00Z,No
Troels Ravn,0.2876795972482337,0.2615867634944578,Troels Ravn,20191_M3_referat,20191,3,"Referat af møde 3 den 3. oktober, 2019 kl. 10.00",03-10-2019,1122,2019-10-03T21:20:00Z,2019,Socialdemokratiet,2019-,131,2019-10,2019-10-01T00:00:00Z,Yes
Ulla Tørnæs,0,0.3333333333333333,Ulla Tørnæs,20191_M5_referat,20191,5,"Referat af møde 5 den 9. oktober, 2019 kl. 13.00",09-10-2019,2084,2019-10-09T16:32:00Z,2019,Venstre,2019-,220,2019-10,2019-10-01T00:00:00Z,No
Anders Kronborg,-1.1073638312315612,0.9712035098810635,Anders Kronborg,20191_M24_referat,20191,24,"Referat af møde 24 den 21. november, 2019 kl. 10.00",21-11-2019,8765,2019-11-21T13:51:00Z,2019,Socialdemokratiet,2019-,295,2019-11,2019-11-01T00:00:00Z,Yes
Anne Honoré Østergaard,-1.3861534595760634,0.7049348273154117,Anne Honoré Østergaard,20191_M23_referat,20191,23,"Referat af møde 23 den 20. november, 2019 kl. 13.00",20-11-2019,8470,2019-11-20T16:05:00Z,2019,Venstre,2019-,81,2019-11,2019-11-01T00:00:00Z,No
Anne Paulin,-1.9335617336361186,0.8726996533654712,Anne Paulin,20191_M24_referat,20191,24,"Referat af møde 24 den 21. november, 2019 kl. 10.00",21-11-2019,8671,2019-11-21T12:30:00Z,2019,Socialdemokratiet,2019-,266,2019-11,2019-11-01T00:00:00Z,Yes
Annette Lind,-1.9917482835720304,0.6916685132138597,Annette Lind,20191_M16_referat,20191,16,"Referat af møde 16 den 6. november, 2019 kl. 13.00",06-11-2019,6056,2019-11-06T15:30:00Z,2019,Socialdemokratiet,2019-,111,2019-11,2019-11-01T00:00:00Z,Yes
Anni Matthiesen,0.2964954387312925,0.23104830237898422,Anni Matthiesen,20191_M26_referat,20191,26,"Referat af møde 26 den 26. november, 2019 kl. 13.00",26-11-2019,9581,2019-11-26T14:33:00Z,2019,Venstre,2019-,308,2019-11,2019-11-01T00:00:00Z,No
Birgitte Vind,-1.3589284153736798,1.6851260840184452,Birgitte Vind,20191_M29_referat,20191,29,"Referat af møde 29 den 29. november, 2019 kl. 10.00",29-11-2019,10581,2019-11-29T11:10:00Z,2019,Socialdemokratiet,2019-,294,2019-11,2019-11-01T00:00:00Z,Yes
Bjarne Laustsen,0.46930151911271006,0.34726163670868715,Bjarne Laustsen,20191_M22_referat,20191,22,"Referat af møde 22 den 19. november, 2019 kl. 13.00",19-11-2019,7810,2019-11-19T13:56:00Z,2019,Socialdemokratiet,2019-,155,2019-11,2019-11-01T00:00:00Z,Yes
Bjørn Brandenborg,-0.3759326229608373,0.8559092464477234,Bjørn Brandenborg,20191_M20_referat,20191,20,"Referat af møde 20 den 14. november, 2019 kl. 10.00",14-11-2019,7285,2019-11-14T13:33:00Z,2019,Socialdemokratiet,2019-,161,2019-11,2019-11-01T00:00:00Z,Yes
Camilla Fabricius,-0.28007913165176057,0.19917264126047726,Camilla Fabricius,20191_M18_referat,20191,18,"Referat af møde 18 den 12. november, 2019 kl. 13.00",12-11-2019,6522,2019-11-12T15:33:00Z,2019,Socialdemokratiet,2019-,203,2019-11,2019-11-01T00:00:00Z,Yes
Ellen Trane Nørby,0.24799442399348628,0.14970917002503284,Ellen Trane Nørby,20191_M22_referat,20191,22,"Referat af møde 22 den 19. november, 2019 kl. 13.00",19-11-2019,8014,2019-11-19T16:47:00Z,2019,Venstre,2019-,467,2019-11,2019-11-01T00:00:00Z,No
Erling Bonnesen,-1.620527966353306,0.2325240682528162,Erling Bonnesen,20191_M14_referat,20191,14,"Referat af møde 14 den 1. november, 2019 kl. 10.00",01-11-2019,5579,2019-11-01T11:09:00Z,2019,Venstre,2019-,84,2019-11,2019-11-01T00:00:00Z,No
Flemming Møller Mortensen,-1.0122326362914138,0.37565546146462303,Flemming Møller Mortensen,20191_M25_referat,20191,25,"Referat af møde 25 den 22. november, 2019 kl. 10.00",22-11-2019,9208,2019-11-22T10:53:00Z,2019,Socialdemokratiet,2019-,779,2019-11,2019-11-01T00:00:00Z,Yes
Hans Andersen,0.22476925760227,0.14729739690070484,Hans Andersen,20191_M18_referat,20191,18,"Referat af møde 18 den 12. november, 2019 kl. 13.00",12-11-2019,6554,2019-11-12T16:05:00Z,2019,Venstre,2019-,196,2019-11,2019-11-01T00:00:00Z,No
Henrik Dam Kristensen,-0.9608921899239878,0.15583666480482486,Henrik Dam Kristensen,20191_M16_referat,20191,16,"Referat af møde 16 den 6. november, 2019 kl. 13.00",06-11-2019,5760,2019-11-06T13:00:00Z,2019,Socialdemokratiet,2019-,92,2019-11,2019-11-01T00:00:00Z,Yes
Inger Støjberg,0.9057381996196286,0.804364301126892,Inger Støjberg,20191_M14_referat,20191,14,"Referat af møde 14 den 1. november, 2019 kl. 10.00",01-11-2019,5543,2019-11-01T10:25:00Z,2019,Venstre,2019-,501,2019-11,2019-11-01T00:00:00Z,No
Jakob Ellemann-Jensen,-0.5785676726772168,0.3506818266533325,Jakob Ellemann-Jensen,20191_M18_referat,20191,18,"Referat af møde 18 den 12. november, 2019 kl. 13.00",12-11-2019,6387,2019-11-12T13:28:00Z,2019,Venstre,2019-,382,2019-11,2019-11-01T00:00:00Z,No
Jens Joel,0.19214403136831743,0.1301467137605921,Jens Joel,20191_M22_referat,20191,22,"Referat af møde 22 den 19. november, 2019 kl. 13.00",19-11-2019,8009,2019-11-19T16:39:00Z,2019,Socialdemokratiet,2019-,257,2019-11,2019-11-01T00:00:00Z,Yes
Jeppe Bruus,0.1317520481179329,0.12676076461520994,Jeppe Bruus,20191_M14_referat,20191,14,"Referat af møde 14 den 1. november, 2019 kl. 10.00",01-11-2019,5509,2019-11-01T10:01:00Z,2019,Socialdemokratiet,2019-,109,2019-11,2019-11-01T00:00:00Z,Yes
Jeppe Kofod,0.42052089303954593,0.6312185847012719,Jeppe Kofod,20191_M29_referat,20191,29,"Referat af møde 29 den 29. november, 2019 kl. 10.00",29-11-2019,10605,2019-11-29T11:27:00Z,2019,Socialdemokratiet,2019-,1378,2019-11,2019-11-01T00:00:00Z,Yes
Karen Ellemann,-2.0257949954274044,0.3522211259566029,Karen Ellemann,20191_M14_referat,20191,14,"Referat af møde 14 den 1. november, 2019 kl. 10.00",01-11-2019,5508,2019-11-01T10:00:00Z,2019,Venstre,2019-,349,2019-11,2019-11-01T00:00:00Z,No
Karsten Lauritzen,0.13816182085722417,0.1638085698864285,Karsten Lauritzen,20191_M25_referat,20191,25,"Referat af møde 25 den 22. november, 2019 kl. 10.00",22-11-2019,9142,2019-11-22T10:07:00Z,2019,Venstre,2019-,311,2019-11,2019-11-01T00:00:00Z,No
Kasper Roug,1.071848605913657,0.4427666206850488,Kasper Roug,20191_M17_referat,20191,17,"Referat af møde 17 den 7. november, 2019 kl. 10.00",07-11-2019,6254,2019-11-07T12:36:00Z,2019,Socialdemokratiet,2019-,217,2019-11,2019-11-01T00:00:00Z,Yes
Kasper Sand Kjær,0.39805024547601026,0.25932087928385533,Kasper Sand Kjær,20191_M22_referat,20191,22,"Referat af møde 22 den 19. november, 2019 kl. 13.00",19-11-2019,7820,2019-11-19T14:00:00Z,2019,Socialdemokratiet,2019-,266,2019-11,2019-11-01T00:00:00Z,Yes
Kristian Pihl Lorentzen,0.6395437842871079,0.4524289675154149,Kristian Pihl Lorentzen,20191_M28_referat,20191,28,"Referat af møde 28 den 28. november, 2019 kl. 10.00",28-11-2019,10419,2019-11-28T14:05:00Z,2019,Venstre,2019-,613,2019-11,2019-11-01T00:00:00Z,No
Lars Aslan Rasmussen,-0.16349110492446373,0.5166753369622379,Lars Aslan Rasmussen,20191_M14_referat,20191,14,"Referat af møde 14 den 1. november, 2019 kl. 10.00",01-11-2019,5727,2019-11-01T13:07:00Z,2019,Socialdemokratiet,2019-,54,2019-11,2019-11-01T00:00:00Z,Yes
Leif Lahn Jensen,0.043017740575040375,0.11667186823884856,Leif Lahn Jensen,20191_M22_referat,20191,22,"Referat af møde 22 den 19. november, 2019 kl. 13.00",19-11-2019,7733,2019-11-19T13:20:00Z,2019,Socialdemokratiet,2019-,770,2019-11,2019-11-01T00:00:00Z,Yes
Louise Schack Elholm,0.5195543723887446,0.21498648662276962,Louise Schack Elholm,20191_M16_referat,20191,16,"Referat af møde 16 den 6. november, 2019 kl. 13.00",06-11-2019,5860,2019-11-06T13:43:00Z,2019,Venstre,2019-,60,2019-11,2019-11-01T00:00:00Z,No
Mads Fuglede,0.020797585791696535,0.26820020762219215,Mads Fuglede,20191_M14_referat,20191,14,"Referat af møde 14 den 1. november, 2019 kl. 10.00",01-11-2019,5663,2019-11-01T12:10:00Z,2019,Venstre,2019-,142,2019-11,2019-11-01T00:00:00Z,No
Malte Larsen,-0.8204353601822552,0.9289030261577733,Malte Larsen,20191_M18_referat,20191,18,"Referat af møde 18 den 12. november, 2019 kl. 13.00",12-11-2019,6488,2019-11-12T14:49:00Z,2019,Socialdemokratiet,2019-,314,2019-11,2019-11-01T00:00:00Z,Yes
Marcus Knuth,-0.18777103409709503,0.6950992665878225,Marcus Knuth,20191_M14_referat,20191,14,"Referat af møde 14 den 1. november, 2019 kl. 10.00",01-11-2019,5529,2019-11-01T10:14:00Z,2019,Venstre,2019-,292,2019-11,2019-11-01T00:00:00Z,No
Marie Bjerre,0.5402309574243697,0.2403056685998725,Marie Bjerre,20191_M16_referat,20191,16,"Referat af møde 16 den 6. november, 2019 kl. 13.00",06-11-2019,5848,2019-11-06T13:39:00Z,2019,Venstre,2019-,157,2019-11,2019-11-01T00:00:00Z,No
Marlene Ambo-Rasmussen,-0.534596793390412,0.5826578259670331,Marlene Ambo-Rasmussen,20191_M16_referat,20191,16,"Referat af møde 16 den 6. november, 2019 kl. 13.00",06-11-2019,5837,2019-11-06T13:37:00Z,2019,Venstre,2019-,115,2019-11,2019-11-01T00:00:00Z,No
Martin Geertsen,-0.15614653984167,0.2226593621700425,Martin Geertsen,20191_M19_referat,20191,19,"Referat af møde 19 den 13. november, 2019 kl. 13.00",13-11-2019,6842,2019-11-13T12:23:00Z,2019,Venstre,2019-,103,2019-11,2019-11-01T00:00:00Z,No
Mette Frederiksen,0.5897048072806005,0.1025479177386273,Mette Frederiksen,20191_M18_referat,20191,18,"Referat af møde 18 den 12. november, 2019 kl. 13.00",12-11-2019,6352,2019-11-12T13:00:00Z,2019,Socialdemokratiet,2019-,762,2019-11,2019-11-01T00:00:00Z,Yes
Mette Gjerskov,0.6918807889970467,0.3391471259228682,Mette Gjerskov,20191_M25_referat,20191,25,"Referat af møde 25 den 22. november, 2019 kl. 10.00",22-11-2019,9374,2019-11-22T12:20:00Z,2019,Socialdemokratiet,2019-,242,2019-11,2019-11-01T00:00:00Z,Yes
Michael Aastrup Jensen,0.2231085601088737,0.5101034226274523,Michael Aastrup Jensen,20191_M16_referat,20191,16,"Referat af møde 16 den 6. november, 2019 kl. 13.00",06-11-2019,6002,2019-11-06T14:41:00Z,2019,Venstre,2019-,386,2019-11,2019-11-01T00:00:00Z,No
Morten Bødskov,0.45165861027807014,0.29804981334178887,Morten Bødskov,20191_M16_referat,20191,16,"Referat af møde 16 den 6. november, 2019 kl. 13.00",06-11-2019,5765,2019-11-06T13:02:00Z,2019,Socialdemokratiet,2019-,111,2019-11,2019-11-01T00:00:00Z,Yes
Morten Dahlin,-0.629039785600673,0.22234432230072024,Morten Dahlin,20191_M14_referat,20191,14,"Referat af møde 14 den 1. november, 2019 kl. 10.00",01-11-2019,5679,2019-11-01T12:26:00Z,2019,Venstre,2019-,191,2019-11,2019-11-01T00:00:00Z,No
Nick Hækkerup,0.5721360475572557,0.12117176158984322,Nick Hækkerup,20191_M14_referat,20191,14,"Referat af møde 14 den 1. november, 2019 kl. 10.00",01-11-2019,5531,2019-11-01T10:16:00Z,2019,Socialdemokratiet,2019-,292,2019-11,2019-11-01T00:00:00Z,Yes
Nicolai Wammen,0,0.5773502691896257,Nicolai Wammen,20191_M23_referat,20191,23,"Referat af møde 23 den 20. november, 2019 kl. 13.00",20-11-2019,8362,2019-11-20T15:07:00Z,2019,Socialdemokratiet,2019-,288,2019-11,2019-11-01T00:00:00Z,Yes
Orla Hav,0.8929674543226097,0.9072121050127835,Orla Hav,20191_M26_referat,20191,26,"Referat af møde 26 den 26. november, 2019 kl. 13.00",26-11-2019,9736,2019-11-26T17:02:00Z,2019,Socialdemokratiet,2019-,523,2019-11,2019-11-01T00:00:00Z,Yes
Rasmus Prehn,-0.023472241202739476,0.5875070341738949,Rasmus Prehn,20191_M16_referat,20191,16,"Referat af møde 16 den 6. november, 2019 kl. 13.00",06-11-2019,6079,2019-11-06T15:45:00Z,2019,Socialdemokratiet,2019-,185,2019-11,2019-11-01T00:00:00Z,Yes
Rasmus Stoklund,-0.9300865396588346,0.32749931791255266,Rasmus Stoklund,20191_M20_referat,20191,20,"Referat af møde 20 den 14. november, 2019 kl. 10.00",14-11-2019,7145,2019-11-14T12:04:00Z,2019,Socialdemokratiet,2019-,473,2019-11,2019-11-01T00:00:00Z,Yes
Simon Kollerup,0.30084071699396153,1.3581740111404004,Simon Kollerup,20191_M16_referat,20191,16,"Referat af møde 16 den 6. november, 2019 kl. 13.00",06-11-2019,5761,2019-11-06T13:00:00Z,2019,Socialdemokratiet,2019-,61,2019-11,2019-11-01T00:00:00Z,Yes
Sophie Løhde,0.05030198191547005,0.5832829247972842,Sophie Løhde,20191_M16_referat,20191,16,"Referat af møde 16 den 6. november, 2019 kl. 13.00",06-11-2019,5896,2019-11-06T13:57:00Z,2019,Venstre,2019-,88,2019-11,2019-11-01T00:00:00Z,No
Stén Knuth,-0.3007134585074424,0.30702282169679157,Stén Knuth,20191_M16_referat,20191,16,"Referat af møde 16 den 6. november, 2019 kl. 13.00",06-11-2019,5829,2019-11-06T13:28:00Z,2019,Venstre,2019-,147,2019-11,2019-11-01T00:00:00Z,No
Thomas Jensen,-0.4858764622110485,0.5841506052483088,Thomas Jensen,20191_M28_referat,20191,28,"Referat af møde 28 den 28. november, 2019 kl. 10.00",28-11-2019,10409,2019-11-28T13:59:00Z,2019,Venstre,2019-,633,2019-11,2019-11-01T00:00:00Z,No
Tommy Ahlers,-0.18676115054545878,0.44667018349124854,Tommy Ahlers,20191_M16_referat,20191,16,"Referat af møde 16 den 6. november, 2019 kl. 13.00",06-11-2019,6036,2019-11-06T15:11:00Z,2019,Venstre,2019-,390,2019-11,2019-11-01T00:00:00Z,No
Torsten Schack Pedersen,1.113091144907004,0.32977321451493175,Torsten Schack Pedersen,20191_M16_referat,20191,16,"Referat af møde 16 den 6. november, 2019 kl. 13.00",06-11-2019,5870,2019-11-06T13:48:00Z,2019,Venstre,2019-,111,2019-11,2019-11-01T00:00:00Z,No
Troels Lund Poulsen,0.1255323251285395,0.5610491229782695,Troels Lund Poulsen,20191_M16_referat,20191,16,"Referat af møde 16 den 6. november, 2019 kl. 13.00",06-11-2019,5900,2019-11-06T13:59:00Z,2019,Venstre,2019-,74,2019-11,2019-11-01T00:00:00Z,No
Troels Ravn,1.258555123148016,0.2962532971448198,Troels Ravn,20191_M19_referat,20191,19,"Referat af møde 19 den 13. november, 2019 kl. 13.00",13-11-2019,6626,2019-11-13T10:01:00Z,2019,Socialdemokratiet,2019-,405,2019-11,2019-11-01T00:00:00Z,Yes
Anders Kronborg,-0.16959268253889878,0.130520563654516,Anders Kronborg,20191_M32_referat,20191,32,"Referat af møde 32 den 5. december, 2019 kl. 10.00",05-12-2019,11344,2019-12-05T10:05:00Z,2019,Socialdemokratiet,2019-,458,2019-12,2019-12-01T00:00:00Z,Yes
Anne Honoré Østergaard,0.05019499109106877,0.07970831416341793,Anne Honoré Østergaard,20191_M30_referat,20191,30,"Referat af møde 30 den 3. december, 2019 kl. 13.00",03-12-2019,10770,2019-12-03T15:03:00Z,2019,Venstre,2019-,303,2019-12,2019-12-01T00:00:00Z,No
Annette Lind,0.7668832481104672,0.27026644938616995,Annette Lind,20191_M30_referat,20191,30,"Referat af møde 30 den 3. december, 2019 kl. 13.00",03-12-2019,10878,2019-12-03T16:50:00Z,2019,Socialdemokratiet,2019-,96,2019-12,2019-12-01T00:00:00Z,Yes
Anni Matthiesen,0,0.21821789023599236,Anni Matthiesen,20191_M31_referat,20191,31,"Referat af møde 31 den 4. december, 2019 kl. 10.00",04-12-2019,11162,2019-12-04T13:53:00Z,2019,Venstre,2019-,74,2019-12,2019-12-01T00:00:00Z,No
Birgitte Vind,-0.34572814709607413,0.23515528852080703,Birgitte Vind,20191_M36_referat,20191,36,"Referat af møde 36 den 12. december, 2019 kl. 10.00",12-12-2019,14444,2019-12-12T20:09:00Z,2019,Socialdemokratiet,2019-,183,2019-12,2019-12-01T00:00:00Z,Yes
Bjarne Laustsen,0.9027159864040253,0.5438310103884577,Bjarne Laustsen,20191_M30_referat,20191,30,"Referat af møde 30 den 3. december, 2019 kl. 13.00",03-12-2019,10690,2019-12-03T13:24:00Z,2019,Socialdemokratiet,2019-,512,2019-12,2019-12-01T00:00:00Z,Yes
Bjørn Brandenborg,-0.24894231425161248,0.5058501959840046,Bjørn Brandenborg,20191_M32_referat,20191,32,"Referat af møde 32 den 5. december, 2019 kl. 10.00",05-12-2019,11848,2019-12-05T16:23:00Z,2019,Socialdemokratiet,2019-,212,2019-12,2019-12-01T00:00:00Z,Yes
Camilla Fabricius,-0.15941978228727668,0.3842602689016487,Camilla Fabricius,20191_M34_referat,20191,34,"Referat af møde 34 den 10. december, 2019 kl. 13.00",10-12-2019,12798,2019-12-10T18:41:00Z,2019,Socialdemokratiet,2019-,647,2019-12,2019-12-01T00:00:00Z,Yes
Christian Rabjerg Madsen,0.48339245905622186,0.29975296844471006,Christian Rabjerg Madsen,20191_M39_referat,20191,39,"Referat af møde 39 den 18. december, 2019 kl. 9.00",18-12-2019,15473,2019-12-18T09:00:00Z,2019,Socialdemokratiet,2019-,1454,2019-12,2019-12-01T00:00:00Z,Yes
Christoffer Aagaard Melson,-0.04341808775582262,0.23432494271855062,Christoffer Aagaard Melson,20191_M31_referat,20191,31,"Referat af møde 31 den 4. december, 2019 kl. 10.00",04-12-2019,11141,2019-12-04T13:43:00Z,2019,Venstre,2019-,82,2019-12,2019-12-01T00:00:00Z,No
Daniel Toft Jakobsen,0,0.5,Daniel Toft Jakobsen,20191_M34_referat,20191,34,"Referat af møde 34 den 10. december, 2019 kl. 13.00",10-12-2019,12591,2019-12-10T15:42:00Z,2019,Socialdemokratiet,2019-,328,2019-12,2019-12-01T00:00:00Z,Yes
Ellen Trane Nørby,-0.12533031910702974,0.590121900921231,Ellen Trane Nørby,20191_M38_referat,20191,38,"Referat af møde 38 den 17. december, 2019 kl. 12.00",17-12-2019,14993,2019-12-17T12:36:00Z,2019,Venstre,2019-,297,2019-12,2019-12-01T00:00:00Z,No
Erling Bonnesen,-0.22380265848433842,0.12891542985478788,Erling Bonnesen,20191_M30_referat,20191,30,"Referat af møde 30 den 3. december, 2019 kl. 13.00",03-12-2019,10673,2019-12-03T13:00:00Z,2019,Venstre,2019-,1872,2019-12,2019-12-01T00:00:00Z,No
Eva Kjer Hansen,0,0.5,Eva Kjer Hansen,20191_M35_referat,20191,35,"Referat af møde 35 den 11. december, 2019 kl. 10.00",11-12-2019,13350,2019-12-11T16:15:00Z,2019,Venstre,2019-,88,2019-12,2019-12-01T00:00:00Z,No
Flemming Møller Mortensen,1.4207360273193261,0.8725921220994681,Flemming Møller Mortensen,20191_M30_referat,20191,30,"Referat af møde 30 den 3. december, 2019 kl. 13.00",03-12-2019,10797,2019-12-03T15:40:00Z,2019,Socialdemokratiet,2019-,601,2019-12,2019-12-01T00:00:00Z,Yes
Hans Andersen,-0.4106226276531488,0.15687125922545717,Hans Andersen,20191_M32_referat,20191,32,"Referat af møde 32 den 5. december, 2019 kl. 10.00",05-12-2019,11477,2019-12-05T11:29:00Z,2019,Venstre,2019-,254,2019-12,2019-12-01T00:00:00Z,No
Hans Christian Schmidt,-0.049719358907565035,0.20832855090221872,Hans Christian Schmidt,20191_M35_referat,20191,35,"Referat af møde 35 den 11. december, 2019 kl. 10.00",11-12-2019,13153,2019-12-11T14:08:00Z,2019,Venstre,2019-,254,2019-12,2019-12-01T00:00:00Z,No
Heidi Bank,0,0.5345224838248488,Heidi Bank,20191_M31_referat,20191,31,"Referat af møde 31 den 4. december, 2019 kl. 10.00",04-12-2019,11280,2019-12-04T15:10:00Z,2019,Venstre,2019-,129,2019-12,2019-12-01T00:00:00Z,No
Henrik Dam Kristensen,-1.382766724099007,0.23279925050417818,Henrik Dam Kristensen,20191_M31_referat,20191,31,"Referat af møde 31 den 4. december, 2019 kl. 10.00",04-12-2019,11172,2019-12-04T14:02:00Z,2019,Socialdemokratiet,2019-,139,2019-12,2019-12-01T00:00:00Z,Yes
Henrik Møller,-0.620795923341495,0.5192530048746892,Henrik Møller,20191_M36_referat,20191,36,"Referat af møde 36 den 12. december, 2019 kl. 10.00",12-12-2019,14460,2019-12-12T20:27:00Z,2019,Socialdemokratiet,2019-,345,2019-12,2019-12-01T00:00:00Z,Yes
Inger Støjberg,0.4091916860145429,0.17631341924241173,Inger Støjberg,20191_M33_referat,20191,33,"Referat af møde 33 den 6. december, 2019 kl. 10.00",06-12-2019,12164,2019-12-06T10:19:00Z,2019,Venstre,2019-,140,2019-12,2019-12-01T00:00:00Z,No
Jakob Ellemann-Jensen,0,0.6324555320336759,Jakob Ellemann-Jensen,20191_M34_referat,20191,34,"Referat af møde 34 den 10. december, 2019 kl. 13.00",10-12-2019,12468,2019-12-10T13:32:00Z,2019,Venstre,2019-,506,2019-12,2019-12-01T00:00:00Z,No
Jane Heitmann,0.06739585884040715,0.08852688261583117,Jane Heitmann,20191_M37_referat,20191,37,"Referat af møde 37 den 13. december, 2019 kl. 10.00",13-12-2019,14588,2019-12-13T10:48:00Z,2019,Venstre,2019-,98,2019-12,2019-12-01T00:00:00Z,No
Jens Joel,0.0017690773808908267,0.3110282071186779,Jens Joel,20191_M33_referat,20191,33,"Referat af møde 33 den 6. december, 2019 kl. 10.00",06-12-2019,12352,2019-12-06T12:36:00Z,2019,Socialdemokratiet,2019-,783,2019-12,2019-12-01T00:00:00Z,Yes
Jeppe Bruus,0.2924397032180449,0.14798082859566009,Jeppe Bruus,20191_M33_referat,20191,33,"Referat af møde 33 den 6. december, 2019 kl. 10.00",06-12-2019,12179,2019-12-06T10:30:00Z,2019,Socialdemokratiet,2019-,111,2019-12,2019-12-01T00:00:00Z,Yes
Jeppe Kofod,0.7241065141959735,0.1587350842639428,Jeppe Kofod,20191_M35_referat,20191,35,"Referat af møde 35 den 11. december, 2019 kl. 10.00",11-12-2019,13035,2019-12-11T13:08:00Z,2019,Socialdemokratiet,2019-,132,2019-12,2019-12-01T00:00:00Z,Yes
Jesper Petersen,0.30190311378588924,0.5696817278898193,Jesper Petersen,20191_M39_referat,20191,39,"Referat af møde 39 den 18. december, 2019 kl. 9.00",18-12-2019,15635,2019-12-18T10:40:00Z,2019,Socialdemokratiet,2019-,208,2019-12,2019-12-01T00:00:00Z,Yes
Karen Ellemann,-1.0202095810457705,0.18532194159709695,Karen Ellemann,20191_M32_referat,20191,32,"Referat af møde 32 den 5. december, 2019 kl. 10.00",05-12-2019,11596,2019-12-05T13:09:00Z,2019,Venstre,2019-,2078,2019-12,2019-12-01T00:00:00Z,No
Karsten Lauritzen,1.7951367021812827,0.6582624433286618,Karsten Lauritzen,20191_M30_referat,20191,30,"Referat af møde 30 den 3. december, 2019 kl. 13.00",03-12-2019,10806,2019-12-03T15:48:00Z,2019,Venstre,2019-,885,2019-12,2019-12-01T00:00:00Z,No
Kasper Roug,-0.1230142571017787,0.6330059769095543,Kasper Roug,20191_M32_referat,20191,32,"Referat af møde 32 den 5. december, 2019 kl. 10.00",05-12-2019,11445,2019-12-05T11:00:00Z,2019,Socialdemokratiet,2019-,91,2019-12,2019-12-01T00:00:00Z,Yes
Kasper Sand Kjær,0,0.5345224838248488,Kasper Sand Kjær,20191_M35_referat,20191,35,"Referat af møde 35 den 11. december, 2019 kl. 10.00",11-12-2019,12895,2019-12-11T10:37:00Z,2019,Socialdemokratiet,2019-,85,2019-12,2019-12-01T00:00:00Z,Yes
Kim Valentin,0,0.5,Kim Valentin,20191_M35_referat,20191,35,"Referat af møde 35 den 11. december, 2019 kl. 10.00",11-12-2019,13187,2019-12-11T14:30:00Z,2019,Venstre,2019-,161,2019-12,2019-12-01T00:00:00Z,No
Kristian Pihl Lorentzen,0,0.5,Kristian Pihl Lorentzen,20191_M35_referat,20191,35,"Referat af møde 35 den 11. december, 2019 kl. 10.00",11-12-2019,13135,2019-12-11T13:58:00Z,2019,Venstre,2019-,167,2019-12,2019-12-01T00:00:00Z,No
Lars Aslan Rasmussen,0.11733245523465474,0.26040936225518124,Lars Aslan Rasmussen,20191_M40_referat,20191,40,"Referat af møde 40 den 19. december, 2019 kl. 10.00",19-12-2019,16587,2019-12-19T13:22:00Z,2019,Socialdemokratiet,2019-,489,2019-12,2019-12-01T00:00:00Z,Yes
Lars Christian Lilleholt,0,0.6324555320336759,Lars Christian Lilleholt,20191_M35_referat,20191,35,"Referat af møde 35 den 11. december, 2019 kl. 10.00",11-12-2019,13379,2019-12-11T16:28:00Z,2019,Venstre,2019-,91,2019-12,2019-12-01T00:00:00Z,No
Leif Lahn Jensen,-0.11139707144458003,0.09014057635012643,Leif Lahn Jensen,20191_M32_referat,20191,32,"Referat af møde 32 den 5. december, 2019 kl. 10.00",05-12-2019,11475,2019-12-05T11:25:00Z,2019,Socialdemokratiet,2019-,660,2019-12,2019-12-01T00:00:00Z,Yes
Lennart Damsbo-Andersen,0.31094483202152917,0.3023889437377699,Lennart Damsbo-Andersen,20191_M30_referat,20191,30,"Referat af møde 30 den 3. december, 2019 kl. 13.00",03-12-2019,10761,2019-12-03T14:55:00Z,2019,Socialdemokratiet,2019-,696,2019-12,2019-12-01T00:00:00Z,Yes
Louise Schack Elholm,-0.7600330410211487,0.3131024355083154,Louise Schack Elholm,20191_M31_referat,20191,31,"Referat af møde 31 den 4. december, 2019 kl. 10.00",04-12-2019,10961,2019-12-04T10:45:00Z,2019,Venstre,2019-,113,2019-12,2019-12-01T00:00:00Z,No
Mads Fuglede,0.5926578667681898,0.38991665200193815,Mads Fuglede,20191_M31_referat,20191,31,"Referat af møde 31 den 4. december, 2019 kl. 10.00",04-12-2019,11192,2019-12-04T14:17:00Z,2019,Venstre,2019-,297,2019-12,2019-12-01T00:00:00Z,No
Marcus Knuth,0.10278857125240866,0.10172206844366016,Marcus Knuth,20191_M35_referat,20191,35,"Referat af møde 35 den 11. december, 2019 kl. 10.00",11-12-2019,13315,2019-12-11T16:00:00Z,2019,Venstre,2019-,106,2019-12,2019-12-01T00:00:00Z,No
Marie Bjerre,-0.2852793262346271,0.22284770172724078,Marie Bjerre,20191_M32_referat,20191,32,"Referat af møde 32 den 5. december, 2019 kl. 10.00",05-12-2019,11957,2019-12-05T17:16:00Z,2019,Venstre,2019-,352,2019-12,2019-12-01T00:00:00Z,No
Marlene Ambo-Rasmussen,-0.6200659796970983,0.7543410919749297,Marlene Ambo-Rasmussen,20191_M39_referat,20191,39,"Referat af møde 39 den 18. december, 2019 kl. 9.00",18-12-2019,15882,2019-12-18T13:58:00Z,2019,Venstre,2019-,118,2019-12,2019-12-01T00:00:00Z,No
Martin Geertsen,0,0.5,Martin Geertsen,20191_M35_referat,20191,35,"Referat af møde 35 den 11. december, 2019 kl. 10.00",11-12-2019,13165,2019-12-11T14:18:00Z,2019,Venstre,2019-,317,2019-12,2019-12-01T00:00:00Z,No
Mette Frederiksen,0.5789838491974334,0.12722877519224493,Mette Frederiksen,20191_M34_referat,20191,34,"Referat af møde 34 den 10. december, 2019 kl. 13.00",10-12-2019,12421,2019-12-10T13:00:00Z,2019,Socialdemokratiet,2019-,762,2019-12,2019-12-01T00:00:00Z,Yes
Michael Aastrup Jensen,0.40099228004341436,0.09967884901415723,Michael Aastrup Jensen,20191_M35_referat,20191,35,"Referat af møde 35 den 11. december, 2019 kl. 10.00",11-12-2019,13067,2019-12-11T13:23:00Z,2019,Venstre,2019-,426,2019-12,2019-12-01T00:00:00Z,No
Morten Bødskov,-0.14939771395236376,0.10524429135914115,Morten Bødskov,20191_M31_referat,20191,31,"Referat af møde 31 den 4. december, 2019 kl. 10.00",04-12-2019,10880,2019-12-04T10:00:00Z,2019,Socialdemokratiet,2019-,110,2019-12,2019-12-01T00:00:00Z,Yes
Morten Dahlin,0.49224711623689055,0.1539260652102702,Morten Dahlin,20191_M31_referat,20191,31,"Referat af møde 31 den 4. december, 2019 kl. 10.00",04-12-2019,11318,2019-12-04T15:28:00Z,2019,Venstre,2019-,79,2019-12,2019-12-01T00:00:00Z,No
Nick Hækkerup,0.2783194251675329,0.2184757920722171,Nick Hækkerup,20191_M31_referat,20191,31,"Referat af møde 31 den 4. december, 2019 kl. 10.00",04-12-2019,11074,2019-12-04T13:01:00Z,2019,Socialdemokratiet,2019-,370,2019-12,2019-12-01T00:00:00Z,Yes
Nicolai Wammen,-0.20720561816988822,0.18075337858476093,Nicolai Wammen,20191_M35_referat,20191,35,"Referat af møde 35 den 11. december, 2019 kl. 10.00",11-12-2019,13016,2019-12-11T13:01:00Z,2019,Socialdemokratiet,2019-,215,2019-12,2019-12-01T00:00:00Z,Yes
Orla Hav,-0.841932578620357,0.9063270228865367,Orla Hav,20191_M36_referat,20191,36,"Referat af møde 36 den 12. december, 2019 kl. 10.00",12-12-2019,13816,2019-12-12T11:58:00Z,2019,Socialdemokratiet,2019-,324,2019-12,2019-12-01T00:00:00Z,Yes
Peter Juel-Jensen,0,0.3651483716701107,Peter Juel-Jensen,20191_M37_referat,20191,37,"Referat af møde 37 den 13. december, 2019 kl. 10.00",13-12-2019,14533,2019-12-13T10:18:00Z,2019,Venstre,2019-,237,2019-12,2019-12-01T00:00:00Z,No
Preben Bang Henriksen,0.2533551408445951,0.2746170129725579,Preben Bang Henriksen,20191_M33_referat,20191,33,"Referat af møde 33 den 6. december, 2019 kl. 10.00",06-12-2019,12172,2019-12-06T10:27:00Z,2019,Venstre,2019-,102,2019-12,2019-12-01T00:00:00Z,No
Rasmus Prehn,0,0.6324555320336759,Rasmus Prehn,20191_M35_referat,20191,35,"Referat af møde 35 den 11. december, 2019 kl. 10.00",11-12-2019,13211,2019-12-11T14:43:00Z,2019,Socialdemokratiet,2019-,311,2019-12,2019-12-01T00:00:00Z,Yes
Rasmus Stoklund,0.13740494559102617,0.10622909214056646,Rasmus Stoklund,20191_M36_referat,20191,36,"Referat af møde 36 den 12. december, 2019 kl. 10.00",12-12-2019,13879,2019-12-12T13:01:00Z,2019,Socialdemokratiet,2019-,239,2019-12,2019-12-01T00:00:00Z,Yes
Simon Kollerup,-0.7180958971253305,0.2943527263458388,Simon Kollerup,20191_M31_referat,20191,31,"Referat af møde 31 den 4. december, 2019 kl. 10.00",04-12-2019,11250,2019-12-04T14:50:00Z,2019,Socialdemokratiet,2019-,309,2019-12,2019-12-01T00:00:00Z,Yes
Sophie Løhde,0,0.5345224838248488,Sophie Løhde,20191_M31_referat,20191,31,"Referat af møde 31 den 4. december, 2019 kl. 10.00",04-12-2019,11296,2019-12-04T15:16:00Z,2019,Venstre,2019-,238,2019-12,2019-12-01T00:00:00Z,No
Stén Knuth,0,0.5773502691896257,Stén Knuth,20191_M35_referat,20191,35,"Referat af møde 35 den 11. december, 2019 kl. 10.00",11-12-2019,12885,2019-12-11T10:21:00Z,2019,Venstre,2019-,84,2019-12,2019-12-01T00:00:00Z,No
Thomas Danielsen,1.0185356700264385,0.3932219151262587,Thomas Danielsen,20191_M30_referat,20191,30,"Referat af møde 30 den 3. december, 2019 kl. 13.00",03-12-2019,10682,2019-12-03T13:17:00Z,2019,Venstre,2019-,87,2019-12,2019-12-01T00:00:00Z,No
Thomas Jensen,-0.8469884311609623,0.8853461792422197,Thomas Jensen,20191_M39_referat,20191,39,"Referat af møde 39 den 18. december, 2019 kl. 9.00",18-12-2019,15732,2019-12-18T11:33:00Z,2019,Venstre,2019-,264,2019-12,2019-12-01T00:00:00Z,No
Tommy Ahlers,-0.2558759240193023,0.5418678366418043,Tommy Ahlers,20191_M39_referat,20191,39,"Referat af møde 39 den 18. december, 2019 kl. 9.00",18-12-2019,15933,2019-12-18T14:20:00Z,2019,Venstre,2019-,284,2019-12,2019-12-01T00:00:00Z,No
Torsten Schack Pedersen,0.17701880608726708,0.4006307970629656,Torsten Schack Pedersen,20191_M31_referat,20191,31,"Referat af møde 31 den 4. december, 2019 kl. 10.00",04-12-2019,11272,2019-12-04T14:59:00Z,2019,Venstre,2019-,346,2019-12,2019-12-01T00:00:00Z,No
Trine Bramsen,0.9406701008154763,0.2979008041993287,Trine Bramsen,20191_M38_referat,20191,38,"Referat af møde 38 den 17. december, 2019 kl. 12.00",17-12-2019,15046,2019-12-17T13:37:00Z,2019,Socialdemokratiet,2019-,599,2019-12,2019-12-01T00:00:00Z,Yes
Troels Lund Poulsen,0.6112376934718224,0.2532377600702357,Troels Lund Poulsen,20191_M31_referat,20191,31,"Referat af møde 31 den 4. december, 2019 kl. 10.00",04-12-2019,11290,2019-12-04T15:13:00Z,2019,Venstre,2019-,62,2019-12,2019-12-01T00:00:00Z,No
Troels Ravn,0.08874269739344968,0.07278966985924139,Troels Ravn,20191_M31_referat,20191,31,"Referat af møde 31 den 4. december, 2019 kl. 10.00",04-12-2019,10908,2019-12-04T10:17:00Z,2019,Socialdemokratiet,2019-,280,2019-12,2019-12-01T00:00:00Z,Yes
Ulla Tørnæs,0,0.816496580927726,Ulla Tørnæs,20191_M35_referat,20191,35,"Referat af møde 35 den 11. december, 2019 kl. 10.00",11-12-2019,13618,2019-12-11T18:31:00Z,2019,Venstre,2019-,117,2019-12,2019-12-01T00:00:00Z,No
